Workbook

Sheet Hoja1
B4: Backlog
C5: Task | D5: Owner | E5: Status | F5: Data | G5: Prioridade
C6: Gravar curso excel | E6: Done | F6: 44129 | G6: 4 | I6: Total de actividades | J6: =COUNTA(C6:C15) -> 2
E7: In Progress | I7: Actividades concluidas | J7: =COUNTIF(E6:E15, "done") -> 2
E8: Stuck | F8: 44158 | G8: 1
C9: Editar videos
E12: Done

Sheet modelo columnar
A1: DATA DA OPERAÇÃO | B1: 46055 | C1: 46056 | D1: 46057 | E1: 46058 | F1: 46059 | G1: 46060 | H1: 46061 | I1: 46062 | J1: 46063 | K1: 46064
A2: QUANTIDADE COMPRADA | B2: 1 | C2: 2 | D2: 1
A3: VALOR PAGO POR AÇÃO | B3: 10.92 | C3: 10.97 | D3: 10.91
A4: AÇÃO | B4: APPL34 | C4: NVDC34 | D4: ATVI34
B7: ESTE MODELO COLUMNAR ES MUY VISUAL Y PRÁCTICO, NO ES LA MEJOR MANERA PARA ALMACENAR LOS DATOS PERO SÍ PARA VISUALIZAR DATOS. AUNQUE ES IMPORTANTE NO TENER MUCHA INFORMACIÓN PARA QUE NO COMIENCE A SER COMPLICADO DE VISUALIZAR Y ENTENDER
B9: EL OTRO MODELO, QUE SERÍA TABLA DE REGISTROS, ES MEJOR PARA ALMACENAR Y REGISTRAR UNA MASA DE DATOS

Sheet modelo de registros
A1: DATA DA OPERAÇÃO | B1: AÇÃO | C1: QUANTIDADE COMPRADA | D1: VALOR PAGO POR AÇÃO | E1: TOTAL
A2: 46055 | B2: AAPL34 | C2: 1 | D2: 10.92 | E2: ='modelo de registros'!$C2*'modelo de registros'!$D2 -> 10.92
A3: 46055 | B3: NVDC34 | C3: 2 | D3: 19.9 | E3: ='modelo de registros'!$C3*'modelo de registros'!$D3 -> 39.8
A4: 46056 | B4: AAPL34 | C4: 2 | D4: 15 | E4: ='modelo de registros'!$C4*'modelo de registros'!$D4 -> 30
A5: 46057 | B5: AAPL34 | C5: 3 | D5: 13 | E5: ='modelo de registros'!$C5*'modelo de registros'!$D5 -> 39
A6: 46058 | B6: NVDC34 | C6: 1 | D6: 12 | E6: ='modelo de registros'!$C6*'modelo de registros'!$D6 -> 12
A7: 46059 | B7: AAPL34 | C7: 1 | D7: 13 | E7: ='modelo de registros'!$C7*'modelo de registros'!$D7 -> 13
A8: 46060 | B8: NVDC34 | C8: 3 | D8: 15 | E8: ='modelo de registros'!$C8*'modelo de registros'!$D8 -> 45
A9: 46061 | B9: AAPL34 | C9: 2 | D9: 12 | E9: ='modelo de registros'!$C9*'modelo de registros'!$D9 -> 24
A10: 46062 | B10: AAPL34 | C10: 3 | D10: 14 | E10: ='modelo de registros'!$C10*'modelo de registros'!$D10 -> 42
A11: 46063 | B11: AAPL34 | C11: 2 | D11: 12 | E11: ='modelo de registros'!$C11*'modelo de registros'!$D11 -> 24
A12: 46064 | B12: NVDC34 | C12: 3 | D12: 14 | E12: ='modelo de registros'!$C12*'modelo de registros'!$D12 -> 42
A13: 46065 | B13: AAPL34 | C13: 1 | D13: 11 | E13: ='modelo de registros'!$C13*'modelo de registros'!$D13 -> 11
... A25: 46077 | B25: NVDC34 | C25: 1 | D25: 13 | E25: ='modelo de registros'!$C25*'modelo de registros'!$D25 -> 13
A26: Total | E26: =SUBTOTAL(109,'modelo de registros'!$E$2:$E$25) -> 634.72

Sheet TRUQUITOS
A1: ctrl + ; | B1: fecha actual
A2: fn + f4 | B2: fijar celdas ($)
A3: ctrl + alt + v | B3: pegado especial | C3: si quiero copiar y pegar algo sin la fórmula, por ejemplo solo el valor final
A4: ctrl + x | B4: si quiero mover unos datos en lugar de copiarlos
